email;Nom;Pr‚nom 
abdessatarff26@gmail.com;Dchicha;Abdessatar
abirfitouri2023@gmail.com;Fitouri;Abir
achraaflaamari@gmail.com;LAMARI;Achraf
ademt2303@gmail.com;Talbi;Adem
ahmedmouine12@gmail.com;Mouine;Ahmed
benhssanala017@gmail.com;Ben hssan;Ala
farjallahala37@gmail.com;farjallah;alaa
khalifaali735@gmail.com;Khalifa;Ali
aliarfaoui0194@gmail.com;Arfaoui;Ali
Amineradhouani8@gmail.com;Radhouani;Amine
amormohamedaliedu@gmail.com;mohamed ali ;amor
arij.achour220@gmail.com;achour;arij
assiaboudokhane568@gmail.com;Boudokhane;Assia
aydimariem96@gmail.com;mariem;aydi
abousselmi07@gmail.com;Bousselmi;Aymen 
azizkrairm898@gmail.com;Kraiem;Aziz
onsbahria9@gmail.com;Ons;Bahria
Ibtyheldh@gmail.com;Ibtyhel;Ben dhaou
bilelessid666@gmail.com;Essid;Bilel
bissen.ayed@gmail.com;ayed;bissen
houssem.brahem96@gmail.com;Houssem;Brahem
chaymatrimech100@gmail.com;Trimech;Chayma
haddajichiraz67@gmail.com;Haddaji;Chiraz
abdallahc525@gmail.com;Abdallah;Choichen
srihadora@gmail.com;Sriha;Dora
rihemeloued2004@gmail.com;Rihem;Eloued
fezaieya17@gmail.com;fezai;eya
fakhreddine.kaffef00@gmail.com;Kaffef;Fakhreddine
fbakir816@gmail.com;Bakir;Fatma
feryelmoueelhi@gmail.com;Moualhi;Feriel
hamdifiras3000@gmail.com;HAMDI;Firas
siwarhajamor519@gmail.com;Siwar ;Hadj Amor
hajerboudokhane82@gmail.com;Boudokhane ;Hajer
sondesh59@gmail.com;Sondes;Hammouda
wafahassine0@gmail.com;wafa ;hassine
heithem.fekih@gmail.com;Fekih;Heithem
hibaneguez16@gmail.com;Neguez;Hiba
ichrakabessi0@gmail.com;Abessi;Ichrak
khessibailyes33@gmail.com;Khessiba;Ilyes
ensafbenothmen@gmail.com;Ben othmen;Insaf
sellami.khalil@outlook.fr;Sellami;Khalil
kahrikhalil37@gmail.com;Kahri;Khalil
ayalaz4911@gmail.com;Aya;Lazrag
linakrid89@gmail.com;Krid;Lina
malekfekih01@gmail.com;Fekih;Malek
Maryeeemzd777@gmail.com;Zaidi;Mariem
maryemrahmouni97@gmail.com;Rahmouni;Mariem
marwadbara0@gmail.com;Dbara;Marwa
elghalimedhedi7@gmail.com;Elghali;Med hedi
aziz.mejbri.321@gmail.com;mohamed aziz;mejbri
bhrmelek1@gmail.com;Bahroun;Melek
maraouimeriem452@gmail.com;maraoui;meriem
rezguimedamine@ksarhelal.r-iset.tn;Rezgui;Mohamed amine
kassemabbassi5@gmail.com;Abbassi;Mohamed kassem
montassardenguir@gmail.com;Denguir;Mohamed montassar
mootezchebbi42@gmail.com;Chebbi;Mootaz
Hama.mkacher123@gmail.com;Mkacher;Mouhamed
bhmnader@gmail.com;Ben Haj Messaoud;Nader
maninour81@gmail.com;Mani;Nour
nourelhoudajradd@gmail.com;Jrad;Nour
ghabihouda3@gmail.com;Ghabi;Nour el houda
omniahasseni5@gmail.com;Hasseni;Omnia
chakroun.oussama003@gmail.com;Chakroun;Oussama
raedmabrouk460@gmail.com;Mabrouk;Raed
srihirahma@gmail.com;Srihi;Rahma
ramezdridi04@gmail.com;Dridi;Ramez
abbesr85@gmail.com;abbes;rania
7raslen@gmail.com;Gzam;Raslen
rihelhammedi2001@gmail.com;Hamadi;Rihem
rihem.khmila47@gmail.com;Khmila;Rihem
rouaahibar5013@gmail.com;Hibar;Roua
safarokbani123@gmail.com;Rokbani;Safa
benrahmasarra@gmail.com;Ben rahma;Sarra
sarraladib1@gmail.com;Ladib;Sarra
sendabenammar1@gmail.com;Ben ammar;Senda
simaabenabdallah@gmail.com;Ben abdallah;Simaa
dridisirin.03@gmail.com;Dridi;Sirine
siwaroun54@gmail.com;Aoun;Siwar
debabiskander8@gmail.com;Debbabi;Skander
youssefbouafif296@gmail.com;Bouafif;Youssef
;Chnitri;Mohamed 
mahamedalyballoumi369@gmail,com;Belloumi;Mohamed Ali
malekkooli11@gmail,com;Kooli;Malek
nourkaml2005@gmail.com;Kamel;Nour
medchriki2004@gmail,com;Chriki;Mohamed 
